MaxErrorGaussFloat;TimeofGaussFloat;MaxErrorGaussDouble;TimeofGaussDouble
0.0;17;0.0;0
0.014333427;1;6.666666666668708E-4;1
0.018952489;4;0.022952380952380835;2
0.02679614;8;0.02441758241758263;3
